tweet,label,mean_confidence_mix,variability_mix,mean_correctness_mix,p_s,mean_confidence_x,variability_x,mean_correctness_x
@USER they are all written out in a gold gel pen waiting ! I hate how are relationship consists of twitter messaging  #fulfilling,0,0.3415867993608117,0.3694827571343748,0.25,0,0.3579537011682987,0.3623327889481024,0.25
@USER @USER Pulled by White Van Man by the looks of it . Yuk .. so naff . That keeps the magic of xmas alive .. ,1,0.6687862351536751,0.2907632553017449,0.5,0,0.6828153878450394,0.2966158962734353,0.5
"@USER @USER @USER outta the boardroom , I to the partay ! ! #luvvit",0,0.6883625611662865,0.2635323034466662,0.5,0,0.6597618907690048,0.3144846712874016,0.5
Lots if love for #Miranda ,1,0.3667350537143647,0.2779285861347812,0.25,0,0.6453277543187141,0.3210143240548282,0.5
